-- MySQL dump 10.13  Distrib 5.5.22, for Win64 (x86)
--
-- Host: localhost    Database: metro
-- ------------------------------------------------------
-- Server version	5.5.22

/*!40101 SET @OLD_CHARACTER_SET_CLIENT=@@CHARACTER_SET_CLIENT */;
/*!40101 SET @OLD_CHARACTER_SET_RESULTS=@@CHARACTER_SET_RESULTS */;
/*!40101 SET @OLD_COLLATION_CONNECTION=@@COLLATION_CONNECTION */;
/*!40101 SET NAMES utf8 */;
/*!40103 SET @OLD_TIME_ZONE=@@TIME_ZONE */;
/*!40103 SET TIME_ZONE='+00:00' */;
/*!40014 SET @OLD_UNIQUE_CHECKS=@@UNIQUE_CHECKS, UNIQUE_CHECKS=0 */;
/*!40014 SET @OLD_FOREIGN_KEY_CHECKS=@@FOREIGN_KEY_CHECKS, FOREIGN_KEY_CHECKS=0 */;
/*!40101 SET @OLD_SQL_MODE=@@SQL_MODE, SQL_MODE='NO_AUTO_VALUE_ON_ZERO' */;
/*!40111 SET @OLD_SQL_NOTES=@@SQL_NOTES, SQL_NOTES=0 */;

--
-- Table structure for table `bengal`
--

DROP TABLE IF EXISTS `bengal`;
/*!40101 SET @saved_cs_client     = @@character_set_client */;
/*!40101 SET character_set_client = utf8 */;
CREATE TABLE `bengal` (
  `f` char(40) DEFAULT NULL,
  `t` char(40) DEFAULT NULL,
  `price` float DEFAULT NULL,
  `f_time` time DEFAULT NULL,
  `t_time` time DEFAULT NULL
) ENGINE=InnoDB DEFAULT CHARSET=latin1;
/*!40101 SET character_set_client = @saved_cs_client */;

--
-- Dumping data for table `bengal`
--

LOCK TABLES `bengal` WRITE;
/*!40000 ALTER TABLE `bengal` DISABLE KEYS */;
INSERT INTO `bengal` VALUES ('Howrah Station','Mahakaran Station',40,'10:30:00','10:45:00'),('Howrah Station','Mahakaran Station',40,'10:00:00','10:07:00'),('Howrah Station','Mahakaran Station',40,'10:10:00','10:25:00'),('Howrah Station','Sealdah Station',45,'10:30:00','10:55:00'),('Howrah Station','Sealdah Station',40,'12:40:00','12:55:00'),('Howrah Station','Sealdah Station',40,'15:55:00','16:10:00'),('Howrah Station','Phoolbagh Station',45,'10:30:00','11:15:00'),('Howrah Station','Phoolbagh Station',40,'18:05:00','18:12:00'),('Howrah Station','Phoolbagh Station',30,'12:40:00','13:03:00'),('Mahakaran Station','Howrah Station',40,'13:15:00','13:30:00'),('Mahakaran Station','Howrah Station',80,'16:45:00','17:20:00'),('Mahakaran Station','Howrah Station',40,'15:00:00','15:35:00'),('Mahakaran Station','Sealdah Station',50,'13:15:00','13:37:00'),('Mahakaran Station','Sealdah Station',50,'18:05:00','18:27:00'),('Mahakaran Station','Sealdah Station',40,'18:05:00','18:12:00'),('Mahakaran Station','Phoolbagh Station',80,'13:15:00','14:00:00'),('Mahakaran Station','Phoolbagh Station',50,'09:15:00','09:37:00'),('Mahakaran Station','Phoolbagh Station',40,'09:15:00','09:22:00'),('Sealdah Station','Howrah Station',40,'16:00:00','16:15:00'),('Sealdah Station','Howrah Station',40,'16:30:00','16:45:00'),('Sealdah Station','Howrah Station',40,'16:45:00','16:55:00'),('Sealdah Station','Mahakaran Station',50,'18:55:00','19:22:00'),('Sealdah Station','Mahakaran Station',50,'15:55:00','16:10:00'),('Sealdah Station','Mahakaran Station',50,'20:00:00','20:22:00'),('Sealdah Station','Phoolbagh Station',80,'21:00:00','21:20:00'),('Sealdah Station','Phoolbagh Station',80,'23:05:00','23:25:00'),('Sealdah Station','Phoolbagh Station',80,'12:04:00','12:25:00'),('Phoolbagh Station','Howrah Station',80,'14:20:00','14:55:00'),('Phoolbagh Station','Howrah Station',80,'17:22:00','17:59:00'),('Phoolbagh Station','Howrah Station',80,'21:20:00','21:55:00'),('Phoolbagh Station','Mahakaran Station',80,'09:07:00','10:02:00'),('Phoolbagh Station','Mahakaran Station',80,'10:08:00','10:23:00'),('Phoolbagh Station','Mahakaran Station',80,'11:09:00','11:27:00'),('Phoolbagh Station','Sealdah Station',40,'09:35:00','09:57:00'),('Phoolbagh Station','Sealdah Station',80,'09:08:00','09:21:00'),('Phoolbagh Station','Sealdah Station',80,'11:17:00','11:32:00');
/*!40000 ALTER TABLE `bengal` ENABLE KEYS */;
UNLOCK TABLES;

--
-- Table structure for table `chennai`
--

DROP TABLE IF EXISTS `chennai`;
/*!40101 SET @saved_cs_client     = @@character_set_client */;
/*!40101 SET character_set_client = utf8 */;
CREATE TABLE `chennai` (
  `f` char(40) DEFAULT NULL,
  `t` char(40) DEFAULT NULL,
  `price` float DEFAULT NULL,
  `f_time` time DEFAULT NULL,
  `t_time` time DEFAULT NULL
) ENGINE=InnoDB DEFAULT CHARSET=latin1;
/*!40101 SET character_set_client = @saved_cs_client */;

--
-- Dumping data for table `chennai`
--

LOCK TABLES `chennai` WRITE;
/*!40000 ALTER TABLE `chennai` DISABLE KEYS */;
INSERT INTO `chennai` VALUES ('chennai central','thirumangalam',40,'10:30:00','10:45:00'),('chennai central','koyambedu',50,'10:30:00','10:55:00'),('chennai central','alandur',80,'10:30:00','11:15:00'),('chennai central','thirumangalam',40,'13:15:00','13:30:00'),('chennai central','koyambedu',50,'13:15:00','13:37:00'),('chennai central','alandur',80,'13:15:00','14:00:00'),('chennai central','thirumangalam',40,'16:00:00','16:15:00'),('chennai central','koyambedu',50,'16:00:00','16:22:00'),('chennai central','alandur',80,'16:00:00','16:45:00'),('chennai central','alandur',80,'19:20:00','19:55:00'),('chennai central','alandur',80,'09:05:00','10:00:00'),('thirumangalam','chennai central',40,'09:35:00','09:50:00'),('thirumangalam','koyambedu',10,'10:00:00','10:07:00'),('thirumangalam','alandur',40,'10:00:00','10:30:00'),('thirumangalam','chennai central',40,'12:40:00','12:55:00'),('thirumangalam','chennai central',40,'15:55:00','16:10:00'),('thirumangalam','koyambedu',10,'10:45:00','10:52:00'),('thirumangalam','koyambedu',10,'17:35:00','17:42:00'),('thirumangalam','alandur',40,'10:30:00','11:00:00'),('thirumangalam','alandur',40,'14:10:00','14:40:00'),('koyambedu','chennai central',50,'09:15:00','09:37:00'),('koyambedu','thirumangalam',40,'09:15:00','09:22:00'),('koyambedu','alandur',30,'11:30:00','11:55:00'),('koyambedu','chennai central',50,'18:05:00','18:27:00'),('koyambedu','thirumangalam',40,'18:05:00','18:12:00'),('koyambedu','alandur',30,'12:40:00','13:03:00'),('koyambedu','chennai central',50,'15:00:00','15:22:00'),('koyambedu','thirumangalam',40,'15:00:00','15:07:00'),('koyambedu','alandur',30,'19:05:00','19:28:00'),('alandur','chennai central',80,'09:15:00','09:45:00'),('alandur','thirumangalam',40,'09:15:00','09:25:00'),('alandur','koyambedu',30,'11:30:00','11:53:00'),('alandur','chennai central',80,'11:30:00','12:00:00'),('alandur','thirumangalam',40,'12:20:00','12:58:00'),('alandur','koyambedu',30,'13:30:00','13:59:00'),('alandur','chennai central',80,'16:45:00','17:20:00'),('alandur','thirumangalam',40,'15:00:00','15:35:00'),('alandur','koyambedu',30,'18:10:00','18:42:00'),('alandur','chennai airport',30,'09:16:00','09:47:00'),('alandur','chennai airport',40,'12:45:00','13:00:00'),('alandur','chennai airport',30,'16:35:00','17:00:00');
/*!40000 ALTER TABLE `chennai` ENABLE KEYS */;
UNLOCK TABLES;

--
-- Table structure for table `delhi`
--

DROP TABLE IF EXISTS `delhi`;
/*!40101 SET @saved_cs_client     = @@character_set_client */;
/*!40101 SET character_set_client = utf8 */;
CREATE TABLE `delhi` (
  `f` char(40) DEFAULT NULL,
  `t` char(40) DEFAULT NULL,
  `price` float DEFAULT NULL,
  `f_time` time DEFAULT NULL,
  `t_time` time DEFAULT NULL
) ENGINE=InnoDB DEFAULT CHARSET=latin1;
/*!40101 SET character_set_client = @saved_cs_client */;

--
-- Dumping data for table `delhi`
--

LOCK TABLES `delhi` WRITE;
/*!40000 ALTER TABLE `delhi` DISABLE KEYS */;
INSERT INTO `delhi` VALUES ('Pitampura','Keshav Puram',50,'09:45:00','10:00:00'),('Pitampura','Keshav Puram',50,'10:15:00','10:35:00'),('Pitampura','Keshav Puram',50,'10:40:00','11:05:00'),('Pitampura','Ashok Park Main',40,'12:15:00','12:25:00'),('Pitampura','Ashok Park Main',40,'15:30:00','16:02:00'),('Pitampura','Ashok Park Main',40,'16:00:00','16:30:00'),('Pitampura','Paschim Vihar',30,'11:45:00','12:00:00'),('Pitampura','Paschim Vihar',30,'12:00:00','12:15:00'),('Pitampura','Paschim Vihar',30,'18:30:00','19:00:00'),('Keshav Puram','Pitampura',50,'18:45:00','19:10:00'),('Keshav Puram','Pitampura',50,'15:05:00','15:27:00'),('Keshav Puram','Pitampura',50,'09:05:00','09:35:00'),('Keshav Puram','Ashok Park Main',40,'14:05:00','14:30:00'),('Keshav Puram','Ashok Park Main',40,'16:15:00','16:35:00'),('Keshav Puram','Ashok Park Main',40,'18:25:00','18:45:00'),('Keshav Puram','Paschim Vihar',30,'12:45:00','13:05:00'),('Keshav Puram','Paschim Vihar',30,'12:55:00','13:15:00'),('Keshav Puram','Paschim Vihar',30,'11:40:00','12:05:00'),('Ashok Park Main','Keshav Puram',50,'15:00:00','15:22:00'),('Ashok Park Main','Keshav Puram',50,'15:15:00','15:25:00'),('Ashok Park Main','Keshav Puram',50,'15:20:00','15:35:00'),('Ashok Park Main','Pitampura',40,'17:00:00','17:10:00'),('Ashok Park Main','Pitampura',40,'17:10:00','17:25:00'),('Ashok Park Main','Pitampura',40,'15:45:00','16:07:00'),('Ashok Park Main','Paschim Vihar',30,'19:05:00','19:28:00'),('Ashok Park Main','Paschim Vihar',30,'19:15:00','19:35:00'),('Ashok Park Main','Paschim Vihar',30,'19:10:00','19:30:00'),('Paschim Vihar','Pitampura',30,'18:05:00','18:28:00'),('Paschim Vihar','Pitampura',30,'16:05:00','16:28:00'),('Paschim Vihar','Pitampura',30,'17:05:00','17:28:00'),('Paschim Vihar','Ashok Park Main',30,'11:05:00','11:30:00'),('Paschim Vihar','Ashok Park Main',30,'12:05:00','12:30:00'),('Paschim Vihar','Ashok Park Main',30,'13:05:00','13:25:00'),('Paschim Vihar','Keshav Puram',30,'14:10:00','14:20:00'),('Paschim Vihar','Keshav Puram',30,'15:15:00','15:40:00'),('Paschim Vihar','Keshav Puram',30,'16:25:00','16:45:00');
/*!40000 ALTER TABLE `delhi` ENABLE KEYS */;
UNLOCK TABLES;

--
-- Table structure for table `hyd`
--

DROP TABLE IF EXISTS `hyd`;
/*!40101 SET @saved_cs_client     = @@character_set_client */;
/*!40101 SET character_set_client = utf8 */;
CREATE TABLE `hyd` (
  `f` char(40) DEFAULT NULL,
  `t` char(40) DEFAULT NULL,
  `price` float DEFAULT NULL,
  `f_time` time DEFAULT NULL,
  `t_time` time DEFAULT NULL
) ENGINE=InnoDB DEFAULT CHARSET=latin1;
/*!40101 SET character_set_client = @saved_cs_client */;

--
-- Dumping data for table `hyd`
--

LOCK TABLES `hyd` WRITE;
/*!40000 ALTER TABLE `hyd` DISABLE KEYS */;
INSERT INTO `hyd` VALUES ('ameerpet','yusufguda',20,'09:15:00','09:30:00'),('ameerpet','jubli hills',40,'09:15:00','09:40:00'),('ameerpet','hitec city',110,'09:15:00','10:40:00'),('ameerpet','yusufguda',20,'11:30:00','11:45:00'),('ameerpet','jubli hills',40,'11:30:00','11:45:00'),('ameerpet','hitec city',110,'11:30:00','12:55:00'),('ameerpet','yusufguda',20,'15:00:00','15:15:00'),('ameerpet','jubli hills',40,'15:00:00','15:25:00'),('ameerpet','hitec city',110,'15:00:00','16:10:00'),('yusufguda','ameerpet',20,'08:45:00','09:00:00'),('yusufguda','jubli hills',30,'09:30:00','09:40:00'),('yusufguda','hitec city',85,'09:30:00','10:40:00'),('yusufguda','ameerpet',20,'15:00:00','15:20:00'),('yusufguda','jubli hills',30,'12:30:00','12:40:00'),('yusufguda','hitec city',85,'12:30:00','13:40:00'),('yusufguda','ameerpet',20,'17:30:00','17:45:00'),('yusufguda','jubli hills',30,'14:45:00','15:05:00'),('yusufguda','hitec city',85,'14:45:00','16:15:00'),('jubli hills','ameerpet',40,'10:00:00','10:35:00'),('jubli hills','yusufguda',20,'10:00:00','10:20:00'),('jubli hills','hitec city',70,'11:30:00','12:10:00'),('jubli hills','ameerpet',40,'13:40:00','14:15:00'),('jubli hills','yusufguda',20,'13:40:00','13:59:00'),('jubli hills','hitec city',70,'15:50:00','16:30:00'),('jubli hills','ameerpet',40,'15:20:00','15:45:00'),('jubli hills','yusufguda',20,'15:20:00','15:32:00'),('jubli hills','hitec city',70,'17:15:00','17:56:00'),('hitec city','ameerpet',110,'11:00:00','12:25:00'),('hitec city','yusufguda',85,'11:00:00','12:00:00'),('hitec city','jubli hills',70,'11:00:00','11:45:00'),('hitec city','ameerpet',110,'13:30:00','14:55:00'),('hitec city','yusufguda',85,'13:30:00','14:30:00'),('hitec city','jubli hills',70,'13:30:00','14:10:00'),('hitec city','ameerpet',110,'11:00:00','12:25:00'),('hitec city','yusufguda',85,'11:00:00','12:00:00'),('hitec city','jubli hills',70,'11:00:00','11:45:00'),('hitec city','ameerpet',110,'16:20:00','17:46:00'),('hitec city','yusufguda',85,'16:20:00','17:20:00'),('hitec city','jubli hills',70,'16:20:00','16:58:00');
/*!40000 ALTER TABLE `hyd` ENABLE KEYS */;
UNLOCK TABLES;

--
-- Table structure for table `maha`
--

DROP TABLE IF EXISTS `maha`;
/*!40101 SET @saved_cs_client     = @@character_set_client */;
/*!40101 SET character_set_client = utf8 */;
CREATE TABLE `maha` (
  `f` char(40) DEFAULT NULL,
  `t` char(40) DEFAULT NULL,
  `price` float DEFAULT NULL,
  `f_time` time DEFAULT NULL,
  `t_time` time DEFAULT NULL
) ENGINE=InnoDB DEFAULT CHARSET=latin1;
/*!40101 SET character_set_client = @saved_cs_client */;

--
-- Dumping data for table `maha`
--

LOCK TABLES `maha` WRITE;
/*!40000 ALTER TABLE `maha` DISABLE KEYS */;
INSERT INTO `maha` VALUES ('malad','shastri nagar',40,'10:30:00','10:45:00'),('malad','shastri nagar',40,'10:00:00','10:07:00'),('malad','shastri nagar',40,'10:10:00','10:25:00'),('malad','anderi',45,'10:30:00','10:55:00'),('malad','anderi',40,'12:40:00','12:55:00'),('malad','anderi',40,'15:55:00','16:10:00'),('malad','oshiwara',45,'10:30:00','11:15:00'),('malad','oshiwara',40,'18:05:00','18:12:00'),('malad','oshiwara',30,'12:40:00','13:03:00'),('oshiwara','anderi',40,'13:15:00','13:30:00'),('oshiwara','anderi',80,'16:45:00','17:20:00'),('oshiwara','anderi',40,'15:00:00','15:35:00'),('oshiwara','malad',50,'13:15:00','13:37:00'),('oshiwara','malad',50,'18:05:00','18:27:00'),('oshiwara','malad',40,'18:05:00','18:12:00'),('oshiwara','shastri nagar',80,'13:15:00','14:00:00'),('oshiwara','shastri nagar',50,'09:15:00','09:37:00'),('oshiwara','shastri nagar',40,'09:15:00','09:22:00'),('shastri nagar','malad',40,'16:00:00','16:15:00'),('shastri nagar','malad',40,'16:30:00','16:45:00'),('shastri nagar','malad',40,'16:45:00','16:55:00'),('shastri nagar','anderi',50,'18:55:00','19:22:00'),('shastri nagar','anderi',50,'15:55:00','16:10:00'),('shastri nagar','anderi',50,'20:00:00','20:22:00'),('shastri nagar','oshiwara',80,'21:00:00','21:20:00'),('shastri nagar','oshiwara',80,'23:05:00','23:25:00'),('shastri nagar','oshiwara',80,'12:04:00','12:25:00'),('anderi','malad',80,'14:20:00','14:55:00'),('anderi','malad',80,'17:22:00','17:59:00'),('anderi','malad',80,'21:20:00','21:55:00'),('anderi','shastri nagar',80,'09:07:00','10:02:00'),('anderi','shastri nagar',80,'10:08:00','10:23:00'),('anderi','shastri nagar',80,'11:09:00','11:27:00'),('anderi','oshiwara',40,'09:35:00','09:57:00'),('anderi','oshiwara',80,'09:08:00','09:21:00'),('anderi','oshiwara',80,'11:17:00','11:32:00');
/*!40000 ALTER TABLE `maha` ENABLE KEYS */;
UNLOCK TABLES;

--
-- Table structure for table `user`
--

DROP TABLE IF EXISTS `user`;
/*!40101 SET @saved_cs_client     = @@character_set_client */;
/*!40101 SET character_set_client = utf8 */;
CREATE TABLE `user` (
  `username` varchar(15) DEFAULT NULL,
  `password` varchar(15) DEFAULT NULL,
  `fullname` char(20) DEFAULT NULL,
  `email` char(25) DEFAULT NULL
) ENGINE=InnoDB DEFAULT CHARSET=latin1;
/*!40101 SET character_set_client = @saved_cs_client */;

--
-- Dumping data for table `user`
--

LOCK TABLES `user` WRITE;
/*!40000 ALTER TABLE `user` DISABLE KEYS */;
INSERT INTO `user` VALUES ('akash','1128',NULL,NULL),('kanna','1150',NULL,NULL),('mohan','1109','MohanRaj','mohan@vit'),('vinoth','1150','Vinoth Kanna','vinoth@vk.com'),('bhanu','1513','bhanuprakash','bhanu@gmail.com'),('ashwin','1174','Ashwin Suresh',NULL);
/*!40000 ALTER TABLE `user` ENABLE KEYS */;
UNLOCK TABLES;

--
-- Table structure for table `user_book`
--

DROP TABLE IF EXISTS `user_book`;
/*!40101 SET @saved_cs_client     = @@character_set_client */;
/*!40101 SET character_set_client = utf8 */;
CREATE TABLE `user_book` (
  `username` varchar(15) DEFAULT NULL,
  `f` char(40) DEFAULT NULL,
  `t` char(40) DEFAULT NULL,
  `f_time` time DEFAULT NULL,
  `t_time` time DEFAULT NULL,
  `d_date` date DEFAULT NULL
) ENGINE=InnoDB DEFAULT CHARSET=latin1;
/*!40101 SET character_set_client = @saved_cs_client */;

--
-- Dumping data for table `user_book`
--

LOCK TABLES `user_book` WRITE;
/*!40000 ALTER TABLE `user_book` DISABLE KEYS */;
INSERT INTO `user_book` VALUES ('akash','paschim vihar','pitampura','16:05:00','16:28:00','2022-11-05'),('akash','alandur','chennai central','16:45:00','17:20:00','2022-11-17'),('akash','koyambedu','chennai central','18:05:00','18:27:00','2022-11-17'),('akash','koyambedu','chennai central','18:05:00','18:27:00','2022-11-17'),('kanna','chennai central','thirumangalam','13:15:00','13:30:00','2022-11-18'),('kanna','thirumangalam','chennai central','12:40:00','12:55:00','2022-11-18'),('kanna','thirumangalam','chennai central','12:40:00','12:55:00','2022-11-18'),('kanna','thirumangalam','chennai central','12:40:00','12:55:00','2022-11-18'),('kanna','thirumangalam','chennai central','12:40:00','12:55:00','2022-11-18'),('kanna','thirumangalam','chennai central','12:40:00','12:55:00','2022-11-18'),('kanna','thirumangalam','chennai central','12:40:00','12:55:00','2022-11-18'),('kanna','thirumangalam','chennai central','12:40:00','12:55:00','2022-11-18'),('kanna','thirumangalam','chennai central','12:40:00','12:55:00','2022-11-18'),('akash','chennai central','koyambedu','10:30:00','10:55:00','2022-11-18'),('akash','chennai central','koyambedu','10:30:00','10:55:00','2022-11-18'),('kanna','chennai central','koyambedu','16:00:00','16:22:00','2022-11-18'),('kanna','chennai central','koyambedu','16:00:00','16:22:00','2022-11-18'),('akash','chennai central','thirumangalam','10:30:00','10:45:00','2022-11-18'),('kanna','oshiwara','anderi','16:45:00','17:20:00','2022-11-18'),('kanna','thirumangalam','koyambedu','17:35:00','17:42:00','2022-11-18'),('mohan','anderi','malad','21:20:00','21:55:00','2022-11-18'),('mohan','thirumangalam','chennai central','15:55:00','16:10:00','2022-11-18'),('mohan','thirumangalam','chennai central','15:55:00','16:10:00','2022-11-18'),('mohan','thirumangalam','chennai central','15:55:00','16:10:00','2022-11-18'),('mohan','thirumangalam','chennai central','15:55:00','16:10:00','2022-11-18'),('mohan','thirumangalam','chennai central','15:55:00','16:10:00','2022-11-18'),('mohan','thirumangalam','chennai central','15:55:00','16:10:00','2022-11-18'),('mohan','thirumangalam','chennai central','15:55:00','16:10:00','2022-11-18'),('mohan','thirumangalam','chennai central','15:55:00','16:10:00','2022-11-18'),('mohan','thirumangalam','chennai central','15:55:00','16:10:00','2022-11-18'),('mohan','thirumangalam','chennai central','15:55:00','16:10:00','2022-11-18'),('mohan','thirumangalam','chennai central','15:55:00','16:10:00','2022-11-18'),('mohan','thirumangalam','chennai central','15:55:00','16:10:00','2022-11-18'),('mohan','thirumangalam','chennai central','15:55:00','16:10:00','2022-11-18'),('mohan','thirumangalam','chennai central','15:55:00','16:10:00','2022-11-18'),('mohan','thirumangalam','chennai central','15:55:00','16:10:00','2022-11-18'),('mohan','thirumangalam','chennai central','15:55:00','16:10:00','2022-11-18'),('mohan','thirumangalam','chennai central','15:55:00','16:10:00','2022-11-18'),('mohan','thirumangalam','chennai central','15:55:00','16:10:00','2022-11-18'),('mohan','thirumangalam','chennai central','15:55:00','16:10:00','2022-11-18'),('mohan','thirumangalam','chennai central','15:55:00','16:10:00','2022-11-18'),('mohan','thirumangalam','chennai central','15:55:00','16:10:00','2022-11-18'),('mohan','thirumangalam','chennai central','15:55:00','16:10:00','2022-11-18'),('mohan','chennai central','koyambedu','16:00:00','16:22:00','2022-11-18'),('mohan','thirumangalam','chennai central','15:55:00','16:10:00','2022-11-18'),('mohan','thirumangalam','chennai central','15:55:00','16:10:00','2022-11-18'),('mohan','thirumangalam','chennai central','15:55:00','16:10:00','2022-11-18'),('mohan','thirumangalam','chennai central','15:55:00','16:10:00','2022-11-18'),('mohan','thirumangalam','chennai central','15:55:00','16:10:00','2022-11-18'),('mohan','thirumangalam','chennai central','15:55:00','16:10:00','2022-11-18'),('kanna','Phoolbagh Station','Howrah Station','17:22:00','17:59:00','2022-11-18'),('akash','Howrah Station','Phoolbagh Station','12:40:00','13:03:00','2022-11-18'),('akash','Howrah Station','Phoolbagh Station','12:40:00','13:03:00','2022-11-19'),('kanna','chennai central','koyambedu','13:15:00','13:37:00','2022-11-20'),('kanna','chennai central','koyambedu','13:15:00','13:37:00','2022-11-20'),('akash','Phoolbagh Station','Mahakaran Station','09:07:00','10:02:00','2022-11-20'),('akash','koyambedu','alandur','12:40:00','13:03:00','2022-11-20'),('kanna','koyambedu','alandur','12:40:00','13:03:00','2022-11-20'),('kanna','koyambedu','alandur','12:40:00','13:03:00','2022-11-20'),('kanna','thirumangalam','alandur','10:30:00','11:00:00','2022-11-20'),('kanna','koyambedu','alandur','19:05:00','19:28:00','2022-11-20'),('kanna','alandur','chennai airport','12:45:00','13:00:00','2022-11-20'),('kanna','thirumangalam','alandur','10:30:00','11:00:00','2022-11-20'),('kanna','alandur','chennai airport','12:45:00','13:00:00','2022-11-20'),('kanna','thirumangalam','alandur','10:30:00','11:00:00','2022-11-20'),('kanna','alandur','chennai airport','12:45:00','13:00:00','2022-11-20'),('kanna','malad','shastri nagar','10:10:00','10:25:00','2022-11-20'),('kanna','Mahakaran Station','Howrah Station','15:00:00','15:35:00','2022-11-20'),('ashwin','Phoolbagh Station','Howrah Station','17:22:00','17:59:00','2022-11-20'),('ashwin','malad','shastri nagar','10:10:00','10:25:00','2022-11-20'),('ashwin','koyambedu','chennai central','09:15:00','09:37:00','2022-11-20'),('ashwin','Paschim Vihar','Keshav Puram','16:25:00','16:45:00','2022-11-20'),('ashwin','hitec city','yusufguda','16:20:00','17:20:00','2022-11-20'),('ashwin','anderi','oshiwara','09:35:00','09:57:00','2022-11-20'),('bhanu','thirumangalam','alandur','10:00:00','10:30:00','2022-11-21'),('bhanu','alandur','chennai airport','09:16:00','09:47:00','2022-11-21'),('kanna','thirumangalam','alandur','10:00:00','10:30:00','2022-11-21'),('kanna','alandur','chennai airport','09:16:00','09:47:00','2022-11-21'),('akash','thirumangalam','alandur','10:30:00','11:00:00','2022-11-24'),('akash','alandur','chennai airport','09:16:00','09:47:00','2022-11-24'),('akash','Phoolbagh Station','Howrah Station','17:22:00','17:59:00','2022-11-24'),('ashwin','koyambedu','alandur','12:40:00','13:03:00','2022-12-09'),('ashwin','alandur','chennai airport','12:45:00','13:00:00','2022-12-09');
/*!40000 ALTER TABLE `user_book` ENABLE KEYS */;
UNLOCK TABLES;
/*!40103 SET TIME_ZONE=@OLD_TIME_ZONE */;

/*!40101 SET SQL_MODE=@OLD_SQL_MODE */;
/*!40014 SET FOREIGN_KEY_CHECKS=@OLD_FOREIGN_KEY_CHECKS */;
/*!40014 SET UNIQUE_CHECKS=@OLD_UNIQUE_CHECKS */;
/*!40101 SET CHARACTER_SET_CLIENT=@OLD_CHARACTER_SET_CLIENT */;
/*!40101 SET CHARACTER_SET_RESULTS=@OLD_CHARACTER_SET_RESULTS */;
/*!40101 SET COLLATION_CONNECTION=@OLD_COLLATION_CONNECTION */;
/*!40111 SET SQL_NOTES=@OLD_SQL_NOTES */;

-- Dump completed on 2023-02-26 19:10:48
